author	identity	work_count	record_count	languages	total_holdings	author_id	source	duplicated
Loet Leydesdorff	Leydesdorff, L. A.	64	190	5	1.232	lccn-n80112847	API	TRUE
Loet Leydesdorff	Lydsdorff, Loet	1	2	1	2	np-lydsdorff,%20loet	Web	TRUE
Eugene Garfield*	Garfield, Eugene	147	447	5	3.399	lccn-n79061047	API	TRUE
Eugene Garfield*	Garfield, Eugen	1	1	1	0	np-garfield,%20eugen	Web	TRUE
Mike Thelwall	Thelwall, Mike	49	118	4	1.161	lccn-no2005014137	API	TRUE
Mike Thelwall	Thelwal, Mike	1	1	1	1	np-thelwal,%20mike	Web	TRUE
Derek J. de Solla Price	Price, Derek J. de Solla (Derek John de Solla) 1922-1983	171	474	11	6.749	lccn-n50027474	API	TRUE
Derek J. de Solla Price	Price, Derek J. de Solla	1	1	1	1	nc-price%20derek%20j%20de%20solla	Web	TRUE
Derek J. de Solla Price	Price, Derek de Solla	7	9	1	25	viaf-4673149198372574940006	Web	TRUE
Francis Narin	Narin, Francis 1934-	45	95	1	421	lccn-n82209533	API	TRUE
Francis Narin	Narrin, Francis	1	1	1	1	np-narrin,%20francis	Web	TRUE
Wolfgang Glänzel	Glänzel, Wolfgang	53	113	4	1.111	lccn-n85060118	API	TRUE
Wolfgang Glänzel	Glñzel, Wolfgang	1	1	1	0	np-glnzel,%20wolfgang	Web	TRUE
Ronald Rousseau	Rousseau, R.	26	122	5	1.387	lccn-n82249792	API	FALSE
Chaomei Chen	Chen, Chaomei 1960-	42	243	2	5.879	lccn-n99000889	API	FALSE
Anthony (Ton) F.J. van Raan	Raan, A. F. J. van	32	69	2	407	lccn-n88022035	API	TRUE
Anthony (Ton) F.J. van Raan	Raan, Anthony F.J.	1	1	1	1	viaf-205952365	Web	TRUE
Anthony (Ton) F.J. van Raan	Raan, Anthony F. J. van	5	5	2	30	np-raan,%20anthony%20f%20j%20van	Web	TRUE
Anthony (Ton) F.J. van Raan	Raan, van, A. F. J.	1	1	1	1	np-raan,%20van%20a%20f%20j	Web	TRUE
Ben R Martin	Martin, Ben R.	60	192	1	3.014	lccn-n84159925	API	FALSE
András Schubert	Schubert, András	21	62	4	349	lccn-n85060117	API	FALSE
Peter Ingwersen	Ingwersen, Peter	81	119	5	247	np-ingwersen,%20peter	Web	TRUE
Peter Ingwersen	Ingwersen, Peter	33	152	5	1.629	lccn-n88663916	API	TRUE
Peter Ingwersen	Ingerwesen, Peter	1	1	1	1	np-ingerwesen,%20peter	Web	TRUE
Peter Ingwersen	Ingwersen, Peter, Ed 	1	1	1	1	np-ingwersen,%20peter%20ed	Web	TRUE
Henk F. Moed	Moed, H. F.	48	165	5	2.386	lccn-n90675885	API	TRUE
Henk F. Moed	Moed, H. F.	1	4	2	12	viaf-305585079	Web	TRUE
Blaise Cronin	Cronin, Blaise	142	584	3	6.783	lccn-n82000323	API	TRUE
Blaise Cronin	Cronim, Blaise	1	1	1	1	np-cronim,%20blaise	Web	TRUE
Blaise Cronin	Croinin, Blaise	1	1	1	1	np-croinin,%20blaise	Web	TRUE
Henry Small	Small, Henry	26	47	1	301	np-small,%20henry	API	TRUE
Henry Small	Small, Henry Gilbert 1941-	1	10	1	12	lccn-n85818438	Web	TRUE
Henry Small	Small, Henry G.	3	6	1	32	viaf-131148995933759751375	Web	TRUE
Henry Small	Small, Henry 1941-	6	6	1	17	viaf-297589520	Web	TRUE
Tibor Braun	Braun, Tibor	157	399	6	2.298	lccn-n50045550	API	TRUE
Tibor Braun	Braun, Tibor	7	47	4	347	viaf-230043514	Web	TRUE
Tibor Braun	Braun, Tibor Daniel	3	10	2	61	lccn-n99047705	Web	TRUE
Vasily V. Nalimov	Nalimov, V. V. (Vasiliĭ Vasilʹevich) 1910-1997	80	259	5	2.437	lccn-n80149360	API	TRUE
Vasily V. Nalimov	Nalimov, V. V. (Nalimov,) 1910-	1	1	1	2	np-nalimov,%20v%20v$nalimov$1910	Web	TRUE
Vasily V. Nalimov	Nalimov, V. V. (Vasilliĭ Vasilʹevich) 1910-	1	1	1	1	np-nalimov,%20v%20v$vasillii%20vasilevich$1910	Web	TRUE
Vasily V. Nalimov	Nalimov, Vasilij Vasilievič 1910-1997	1	1	1	1	np-nalimov,%20vasilij%20vasilievic$1910%201997	Web	TRUE
Lutz Bornmann	Bornmann, Lutz	14	28	2	215	lccn-no2009039239	API	FALSE
Belver C. Griffith	Griffith, Belver C.	23	52	2	350	lccn-n79129096	API	TRUE
Belver C. Griffith	Griffith, Belver Callis	1	2	1	3	np-griffith,%20belver%20callis	Web	TRUE
Belver C. Griffith	Griffith, B.C.	1	1	1	1	np-griffith,%20b%20c	Web	TRUE
Howard D. White	White, Howard D.	18	63	1	1.821	lccn-n80027680	API	FALSE
Johan Bollen	Bollen, Johan	7	15	2	124	lccn-n99029048	API	FALSE
Katy Borner	Börner, Katy	46	163	2	5.081	lccn-n2002154393	API	TRUE
Katy Borner	伯爾納 (Borner, Katy)	1	1	1	2	np-bo%20er%20na$borner%20katy	Web	TRUE
Katy Borner	Bèorner, Katy	1	1	1	1	np-beorner,%20katy	Web	TRUE
Félix de Moya Anegón	Moya Anegón, Félix de	19	56	4	660	lccn-n95085624	API	TRUE
Félix de Moya Anegón	Moya, Félix de	13	29	2	139	lccn-n95104829	Web	TRUE
Koenraad Debackere	Debackere, Koenraad	105	175	2	1.637	lccn-n2005043038	API	FALSE
Jose Maria López Piñero	López Piñero, José María	746	1.829	4	5.547	lccn-n80045052	API	TRUE
Jose Maria López Piñero	López Piñero, José M.	5	7	2	12	viaf-133093547	Web	TRUE
Jose Maria López Piñero	Piñero, José María	2	3	1	3	lccn-n87882108	Web	TRUE
Michael J. Moravcsik	Moravcsik, Michael J.	56	189	4	2.219	lccn-n80067515	API	TRUE
Michael J. Moravcsik	Moravcsik, Michael J.	1	1	1	1	viaf-104602366	Web	TRUE
Michael J. Moravcsik	Moravcsik, Michael J., ed	1	1	0	1	np-moravcsik,%20michael%20j%20ed	Web	TRUE
Michael J. Moravcsik	Moravcsik, Michael	1	1	1	4	np-moravcsik,%20michael	Web	TRUE
Katherine W. McCain	McCain, Katherine Wootton	7	13	1	30	lccn-n87131886	Web	TRUE
Katherine W. McCain	MacCain, Katherine W.	2	3	1	3	viaf-218137914	API	TRUE
Judit Bar-Ilan	Bar-Ilan, Judit	8	11	3	10	lccn-no2011134819	API	FALSE
HD Daniel	Daniel, Hans-Dieter 1955-	36	92	2	1.351	lccn-n87854232	Web	FALSE
Martin Meyer	Meyer, Martin	7	19	2	123	lccn-n99053460	Web	FALSE
Thed van Leeuwen	Leeuwen, Thed N. van	5	5	2	39	lccn-n2002134725	Web	TRUE
Thed van Leeuwen	Leeuwen, Thed van	2	2	1	1	np-leeuwen,%20thed%20van	API	TRUE
Ying Ding	Ding, Ying 1955-	17	86	2	1.430	lccn-n2008063128	Web	TRUE
Ying Ding	Ding, Ying	2	2	1	6	viaf-308721056	Web	TRUE
Diana Hicks	Hicks, Diana	1	1	1	1	viaf-198156571	Web	FALSE
Bart Van Looy	Looy, Bart van	51	135	3	1.759	lccn-nb98008772	API	TRUE
Bart Van Looy	Van Looy, Bart	35	36	1	46	viaf-202362579	Web	TRUE
Bart Van Looy	Looy, Van, Bart	1	1	1	1	np-looy,%20van%20bart	Web	TRUE
Bart Van Looy	Looy, B. van	3	3	2	4	np-looy,%20b%20van	Web	TRUE
J Sylvan Katz	Katz, Sylvan	9	16	2	124	lccn-n88060931	API	TRUE
J Sylvan Katz	Katz, J. Sylvan	6	12	1	27	viaf-190888262	Web	TRUE
Kevin W. Boyack	Boyack, Kevin W.	10	10	1	27	viaf-31152023729603312461	API	TRUE
Kevin W. Boyack	Boyack, Kevin Wiser	1	1	1	2	np-boyack,%20kevin%20wiser	Web	TRUE
Kevin W. Boyack	Boyack, K. W.	1	1	1	1	np-boyack,%20k%20w	Web	TRUE
Kevin W. Boyack	Boyack, Kevin	1	2	1	2	np-boyack,%20kevin	Web	TRUE
Ian Rowlands	Rowlands, Ian	22	94	1	1.687	viaf-88094309	Web	TRUE
Ian Rowlands	Rowlands, Ian	2	8	1	389	viaf-211343602	Web	TRUE
Ian Rowlands	Rowlands, Ian Edited by	1	1	1	14	nc-rowlands%20ian$edited%20by	Web	TRUE
Robert J.W. Tijssen	Tijssen, Robert (Robert Jaap Walter) 1955-	36	56	2	161	lccn-n92097108	API	FALSE
Mustar Philippe	Mustar, Philippe	36	105	3	1.030	lccn-no96003810	Web	TRUE
Mustar Philippe	Mustar, Philippe	3	7	2	27	viaf-201931640	Web	TRUE
Olle Persson	Persson, Olle	44	70	2	132	viaf-191819221	Web	FALSE
Bertram C. Brookes	Brookes, B. C. (Bertram Claude)	44	198	5	946	lccn-n86088339	API	TRUE
Bertram C. Brookes	Brookes, B.C. 1910-1991	3	5	2	17	viaf-243145542571196640755	Web	TRUE
John Irvine	Irvine, John 1951-	17	107	3	1.976	lccn-n96116917	API	FALSE
Ismael Rafols	Rafols, Ismael	6	7	2	8	viaf-307268930	API	FALSE
Peter Jacso	Jacsó, Péter	24	76	3	3.361	lccn-n91082694	API	TRUE
Peter Jacso	Jasco, Peter	1	1	1	1	np-jasco,%20peter	Web	TRUE
Emilio Delgado López-Cózar	Delgado López-Cózar, Emilio	25	58	3	196	lccn-n91050689	API	FALSE
Peter Van den Besselaar	Besselaar, Peter van den	45	153	2	2.457	lccn-n90719972	API	TRUE
Peter Van den Besselaar	Besselaar, Peter van den	5	20	1	456	viaf-200858379	Web	TRUE
Peter Van den Besselaar	Besselaar, van den, Peter	1	1	1	1	np-besselaar,%20van%20den%20peter	Web	TRUE
Peter Van den Besselaar	Besselaar, Peter van der	2	2	1	3	np-besselaar,%20peter%20van%20der	Web	TRUE
Peter Van den Besselaar	Besselaar, P. van den	2	2	2	2	np-besselaar,%20p%20van%20den	Web	TRUE
Peter Van den Besselaar	Besselaar,P. van den	1	1	1	1	np-besselaar,p%20van%20den	Web	TRUE
Vincent Larivière	Larivière, Vincent	23	51	2	394	lccn-n2017180793	API	TRUE
Vincent Larivière	Larivière, Vincent	1	2	1	13	viaf-2694152025923203600006	Web	TRUE
Caroline S. Wagner	Wagner, Caroline S.	32	147	2	7.157	lccn-no95037161	API	FALSE
Victor Herrero-Solana	Herrero Solana, Víctor	5	9	1	89	np-herrero%20solana,%20victor	API	TRUE
Victor Herrero-Solana	Solana, Víctor Herrero	1	1	1	1	np-solana,%20victor%20herrero	Web	TRUE
Lokman Meho	Meho, Lokman I. 1968-	12	47	3	2.421	lccn-n97017150	API	FALSE
Javier Ruiz-Castillo	Ruiz Castillo, Javier	159	272	2	1.124	lccn-n85183232	API	TRUE
Javier Ruiz-Castillo	Ruiz-Castillo, Javier	13	30	2	63	viaf-285910243	Web	TRUE
Fiorenzo Franceschini	Franceschini, Fiorenzo	28	98	3	2.042	lccn-n2001014866	API	FALSE
Rafael Aleixandre-Benavent	Aleixandre Benavent, Rafael	27	33	3	35	np-aleixandre%20benavent,%20rafael	API	TRUE
Rafael Aleixandre-Benavent	Aleixandre Benavent, Rafael	5	5	2	7	viaf-7149542569000300086	Web	TRUE
Nees Jan van Eck	Eck, Nees Jan van	21	23	1	27	viaf-282702111	API	FALSE
Cinzia Daraio	Daraio, Cinzia	13	48	1	701	lccn-n2007035300	API	FALSE
Svein Kyvik	Kyvik, Svein	64	139	4	1.062	lccn-n83181025	API	TRUE
Svein Kyvik	Kyvik, Sven	1	1	1	1	np-kyvik,%20sven	Web	TRUE
Jan Youtie	Youtie, Jan L.	31	45	1	571	lccn-n95084447	Web	TRUE
Jan Youtie	Youtie, Jan	3	3	1	9	viaf-312644121	API	TRUE
Stefan Darmoni	Darmoni, Stéfan Jacques	47	65	1	105	viaf-22279614	Web	TRUE
Stefan Darmoni	Darmoni, Stéfan	1	1	1	38	np-darmoni,%20stefan	API	TRUE
Stefan Darmoni	Darmoni, Stéphan J.	1	1	1	21	np-darmoni,%20stephan%20j	Web	TRUE
Isidro F. Aguillo	Aguillo, Isidro F.	28	41	2	258	lccn-ns2016003848	API	FALSE
Terttu Luukkonen	Luukkonen, Terttu	56	80	2	95	lccn-n97047200	API	TRUE
Terttu Luukkonen	Luukkonen-Gronow, Terttu	13	15	2	19	lccn-n92800147	Web	TRUE
Terttu Luukkonen	Luukkonen, Tertuu	1	1	1	5	np-luukkonen,%20tertuu	Web	TRUE
Terttu Luukkonen	Luukonen-Gronow, Terttu	1	1	1	3	np-luukonen%20gronow,%20terttu	Web	TRUE
Michael E. D. Koenig	Koenig, Michael E. D.	36	134	2	2.876	lccn-n80156697	API	TRUE
Michael E. D. Koenig	Koenig, Michael E. D.	1	1	1	17	viaf-211040825	Web	TRUE
Michael E. D. Koenig	Koenig, M. E. D.	1	1	1	1	np-koenig,%20m%20e%20d	Web	TRUE
Evaristo Jimenez-Contreras	Jiménez Contreras, Evaristo	20	33	1	57	lccn-no98094445	API	FALSE
Ludo Waltman	Waltman, Ludo	26	28	1	33	viaf-285821126	API	FALSE
Paul Wouters	Wouters, Paul	43	52	3	1.362	np-wouters,%20paul	API	TRUE
Paul Wouters	Wouters, Paul	1	5	1	125	viaf-295743525	Web	TRUE
Paul Wouters	Wouters, Paul	1	1	1	12	viaf-287837006	Web	TRUE
Paul Wouters	Wouters, Paul	2	3	1	4	viaf-286368262	Web	TRUE
Paul Wouters	Wouters, Paul	1	1	1	2	viaf-291051848	Web	TRUE
Paul Wouters	Wouters, Paul	1	1	1	1	viaf-285900923	Web	TRUE
Paul Wouters	Wouters, Paul	1	1	1	1	viaf-288917177	Web	TRUE
Paul Wouters	Wouters, Paul 1951-	14	55	2	2.000	lccn-n2012028410	Web	TRUE
Paul Wouters	Wouters, Paul 1950-	7	15	2	162	lccn-n92113329	Web	TRUE
Paul Wouters	Wouters, Paul 1951-	2	2	2	2	np-wouters,%20paul$1951	Web	TRUE
Paul Wouters	Wouters,Paul	1	1	1	1	np-wouters,paul	Web	TRUE
Lea Velho	Velho, Léa	25	46	3	330	lccn-n94069619	API	TRUE
Lea Velho	Velho, Lea Maria Leme Strini	3	3	2	3	np-velho,%20lea%20maria%20leme%20strini	Web	TRUE
Lea Velho	Velho, Lea Maria	1	1	1	1	np-velho,%20lea%20maria	Web	TRUE
Lea Velho	Velho, L.	9	9	2	9	np-velho,%20l	Web	TRUE
Lea Velho	Velho, L. (LEA VELHO)	1	1	1	1	np-velho,%20l$lea%20velho	Web	TRUE
Georgios Paltoglou	Paltoglou, Georgios	3	14	1	382	lccn-nb2014026950	API	TRUE
Georgios Paltoglou	Paltoglu, Georgios	1	1	1	0	np-paltoglu,%20georgios	Web	TRUE
Magnus Gulbrandsen	Gulbrandsen, Magnus	20	49	5	438	lccn-n98008518	API	TRUE
Magnus Gulbrandsen	Gulbrandsen, Magnus	1	1	1	1	viaf-72146634528941932790	Web	TRUE
Ruediger Mutz	Mutz, Rüdiger	10	16	2	92	viaf-7266148997611459870006	API	FALSE
Yves-François Le Coadic	Le Coadic, Yves-François	30	91	5	1.302	lccn-n95048959	API	FALSE
Zaida Chinchilla-Rodríguez	Chinchilla-Rodríguez, Zaida	19	38	1	165	lccn-no2008134827	API	FALSE
Andrea Scharnhorst	Scharnhorst, Andrea	10	59	2	2.218	lccn-nb2009017716	API	TRUE
Andrea Scharnhorst	Scharnhorst, Andrea	5	8	2	16	viaf-91097436	Web	TRUE
B. S.Kademani	B. S. Kademani	2	2	1	2	np-b%20s%20kademani	API	FALSE
Добров Геннадій Михайлович	NA	NA	NA	NA	NA	NA	NA	NA
Benjamín Vargas-Quesada	Vargas-Quesada, Benjamin	8	34	2	638	lccn-no2007106318	API	FALSE
Bart Thijs	Thijs, Bart	10	1	10	10	viaf-176558613	Web	TRUE
Bart Thijs	Thijs, Bart (Bart C.M.) 1975-	1	2	1	2	viaf-281906142	Web	TRUE
Daniel Torres-Salinas	Torres-Salinas, Daniel	17	27	2	82	viaf-316754639	Web	TRUE
Daniel Torres-Salinas	Torres Salinas, Daniel	1	1	1	1	nc-torres%20salinas%20daniel	Web	TRUE
Vicente Pablo Guerrero Bote	Guerrero Bote, Vicente P.	4	9	2	14	viaf-87420484	Web	TRUE
Vicente Pablo Guerrero Bote	Guerrero Bote, Vicente Pablo	7	7	1	7	np-guerrero%20bote,%20vicente%20pablo	Web	TRUE
Vicente Pablo Guerrero Bote	Guerrero-Bote, Vicente	2	2	1	55	np-guerrero%20bote,%20vicente	Web	TRUE
Lennart Björneborn	Björneborn, Lennart	6	11	2	14	viaf-307221567	API	FALSE
Eric Archambault	Archambault, Éric	26	37	2	180	np-archambault,%20eric	API	TRUE
Eric Archambault	Archambault, Éric 1964-	2	4	2	6	np-archambault,%20eric$1964	Web	TRUE
Eric Archambault	Archambault, Eric J. A.	1	2	1	2	np-archambault,%20eric%20j%20a	Web	TRUE
Alan Pritchard	Pritchard, Alan 1941-	38	143	1	1598	lccn-n50022603	Web	TRUE
Alan Pritchard	Pritchard, Alan	40	56	1	917	np-pritchard,%20alan	API	TRUE
Giovanni Abramo	Abramo, Giovanni	18	21	2	23	viaf-90176484	API	FALSE
Massimo Franceschet	Franceschet, Massimo	9	11	1	35	viaf-4359149198333574940005	API	TRUE
Massimo Franceschet	Franceshet, Massimo	1	1	1	1	np-franceshet,%20massimo	Web	TRUE
Antonio Gutierrez Gracia	García Gutiérrez, Antonio	41	98	2	1.332	lccn-n84158906	Web	TRUE
Antonio Gutierrez Gracia	Gutiérrez Gracia, Antonio	2	3	2	3	np-gutierrez%20gracia,%20antonio	Web	TRUE
Antonio Gutierrez Gracia	Gutiérrez García, Antonio	1	1	1	1	np-gutierrez%20garcia,%20antonio	Web	TRUE
Antonio Gutierrez Gracia	García Gutiérrez, Antonio Luis	3	6	1	12	viaf-311365791	Web	TRUE
Ciriaco Andrea D'Angelo	D'Angelo, Ciriaco Andrea	16	16	1	16	np-dangelo,%20ciriaco%20andrea	API	TRUE
Ciriaco Andrea D'Angelo	Ciriaco Andrea D'Angelo	3	3	1	3	np-ciriaco%20andrea%20dangelo	Web	TRUE
Ciriaco Andrea D'Angelo	D'Angelo, C. Andrea	1	1	1	1	np-dangelo,%20c%20andrea	Web	TRUE
Ciriaco Andrea D'Angelo	D'Angelo, Andrea Ciriaco	1	1	1	1	np-dangelo,%20andrea%20ciriaco	Web	TRUE
Ciriaco Andrea D'Angelo	d'angelo, ciriaco	2	2	1	2	np-dangelo,%20ciriaco	Web	TRUE
Serhiy Shtovba	NA	NA	NA	NA	NA	NA	NA	NA
Jason Priem	NA	NA	NA	NA	NA	NA	NA	NA
Mario Coccia	Coccia, Mario	64	105	2	98	viaf-88137886	API	TRUE
Mario Coccia	Mario Coccia	1	1	1	1	np-mario%20coccia	Web	TRUE
Samuel C Bradford	Bradford, S. C. 1878-1948	48	139	6	713	lccn-nr92032574	API	TRUE
Samuel C Bradford	Bradford, S.C. (Samuel Clement) 1938, 1948 fl	1	2	1	10	viaf-5578155648130618330004	Web	TRUE
Cassidy R. Sugimoto	Sugimoto, Cassidy R.	10	87	2	2.300	lccn-no2011051642	API	TRUE
Cassidy R. Sugimoto	Sugimoto , C. R.	1	1	1	1	np-sugimoto,%20c%20r	Web	TRUE
Matthias Weber	Weber, Matthias 	20	61	2	477	lccn-n99022610	Web	TRUE
Matthias Weber	Weber, Matthias	3	3	1	3	viaf-202148996015559752547	Web	TRUE
José Luis Ortega	Ortega, José Luis	33	59	3	1.083	lccn-no2015011726	API	TRUE
José Luis Ortega	Ortega, José Luis	1	5	1	28	viaf-956155284875187062353	Web	TRUE
Suzana Mueller	Mueller, Suzana Pinheiro Machado	21	34	3	49	lccn-no2006017964	Web	TRUE
Suzana Mueller	Mueller, Suzana Machado Pinheiro	2	2	1	2	np-mueller,%20suzana%20machado%20pinheiro	Web	TRUE
Suzana Mueller	Mueller, Suzana	1	1	1	1	np-mueller,%20suzana	API	TRUE
Rodrigo Costas	Costas, Rodrigo	12	14	4	23	viaf-4882155708720222580009	API	TRUE
Rodrigo Costas	Costas, Rodrigo	1	1	1	1	np-costas,%20rodrigo	Web	TRUE
Rodrigo Costas	Costas, R. (Rodrigo) 1977-	3	6	3	13	viaf-289034893	Web	TRUE
Heting Chu	Chu, Heting 1957-	14	56	2	525	lccn-no93022700	API	FALSE
Rigas Arvanitis	Arvanitis, Rigas	42	96	5	608	lccn-n85366088	API	FALSE
Birger Larsen	Larsen, Birger	4	18	1	716	lccn-no2009151196	Web	FALSE
Jan Vlachý	NA	NA	NA	NA	NA	NA	NA	NA
Rafael Ruiz-Perez	Ruiz Pérez, Rafael	35	69	2	157	lccn-n85309836	API	FALSE
Kayvan Kousha	Kousha, Kayvan	3	3	1	3	np-kousha,%20kayvan	API	FALSE
Elias Sanz-Casado	Sanz Casado, Elías	22	29	3	66	np-sanz%20casado,%20elias	API	TRUE
Elias Sanz-Casado	Sanz Casado, Elías	1	8	1	50	viaf-22252756	Web	TRUE
Elias Sanz-Casado	Sanz Casado,Elías	1	1	1	1	np-sanz%20casado,elias	Web	TRUE
Elias Sanz-Casado	Sanz Casado, Elias - Autor/a	1	1	1	1	np-sanz%20casado,%20elias%20autor%20a	Web	TRUE
Elias Sanz-Casado	Sanza Casado, Elías	1	1	1	1	np-sanza%20casado,%20elias	Web	TRUE
Elena Corera-Álvarez	Corera Álvarez, Elena	12	18	1	100	viaf-87442451	API	TRUE
Elena Corera-Álvarez	Corera âAlvarez, Elena	1	1	1	1	np-corera%20aalvarez,%20elena	Web	TRUE
G Steven McMillan	McMillan, G. Steven	3	4	1	4	viaf-195234263	API	FALSE
Werner Marx	Marx, Werner	3	4	1	8	viaf-25515028	Web	FALSE
Guido Van Hooydonk	Hooydonk, E. van	10	29	4	64	lccn-n96110202	Web	FALSE
Jevin D. West	West, Jevin D. (Jevin Darwin) 1977-	4	5	1	7	lccn-no2011071415	Web	TRUE
Jevin D. West	West, Jevin	1	1	0	1	np-west,%20jevin	Web	TRUE
Ping Zhou	Zhou, P. (Ping) 1962-	1	2	1	2	viaf-279948397	Web	FALSE
Ulf Sandström	Sandström, Ulf	13	24	2	221	lccn-n97081292	API	TRUE
Ulf Sandström	Sandström, Ulf 1953-	32	48	2	64	lccn-n00102563	Web	TRUE
Ulf Sandström	Sandström, Ulf	32	36	2	40	np-sandstrom,%20ulf	Web	TRUE
Ulf Sandström	Sandström, Ulf 1953-	3	3	2	3	np-sandstrom,%20ulf$1953	Web	TRUE
Ulf Sandström	Sundström, Ulf	2	2	2	3	np-sundstrom,%20ulf	Web	TRUE
Ulf Sandström	Sandström, Ulf 	1	1	1	1	viaf-188687875	Web	TRUE
Ricardo Arencibia Jorge	Arencibia Jorge, Ricardo	17	26	1	140	np-arencibia%20jorge,%20ricardo	Web	TRUE
Ricardo Arencibia Jorge	Arencibia, Ricardo Jorge	1	1	1	1	np-arencibia,%20ricardo%20jorge	Web	TRUE
Ricardo Arencibia Jorge	Arencibia, Jorge Ricardo	1	1	1	1	np-arencibia,%20jorge%20ricardo	Web	TRUE
Dean Giustini	NA	NA	NA	NA	NA	NA	NA	NA
Maite barrios	Barrios Cerrejón, M. Teresa	9	17	3	82	viaf-87749586	API	FALSE
RR Braam	Braam, Robert (Robert René) 1958-	11	28	2	144	lccn-n91097137	Web	FALSE
RR Braam	Braam, Robert (Robert René) 1958-	1	1	1	2	np-braam,%20robert$robert%20rene$1958	Web	FALSE
Emanuela Reale	Reale, Emanuela	34	67	2	171	lccn-n96010881	API	TRUE
Emanuela Reale	Reale, Emmanuela	1	1	1	1	np-reale,%20emmanuela	Web	TRUE
Xianwen Wang（王贤文）	NA	NA	NA	NA	NA	NA	NA	NA
Sybille Hinze	Hinze, Sybille	15	29	2	97	lccn-n2008040091	API	TRUE
Sybille Hinze	Hinze, Sybille	23	26	3	50	np-hinze,%20sybille	Web	TRUE
Sybille Hinze	Hinze, Sybille	1	2	1	2	viaf-7876149198233874940008	Web	TRUE
Sybille Hinze	Hinze, Sibylle	12	38	3	203	lccn-n88128223	Web	TRUE
Sybille Hinze	Hinze, Sybil	1	1	1	0	np-hinze,%20sybil	Web	TRUE
Sven Hemlin	Hemlin, Sven 1948-	33	98	4	1.115	lccn-n2004000519	API	TRUE
Sven Hemlin	Hamelink, Sven	1	1	1	9	viaf-289157799	Web	TRUE
Erjia Yan	Yan, Erjia	3	3	1	11	lccn-no2015102898	API	FALSE
Ernesto Spinak	Spinak, Ernesto	10	17	3	22	np-spinak,%20ernesto	API	TRUE
Ernesto Spinak	Spinak, Ernesto 1950-	1	1	1	4	np-spinak,%20ernesto$1950	Web	TRUE
AN Zanaib	NA	NA	NA	NA	NA	NA	NA	NA
Luc Marie Quoniam	Quoniam, Luc	59	74	3	907	lccn-n2011034281	API	FALSE
Antonio Fernández-Cano	Fernández Cano, Antonio	41	52	2	79	lccn-n96027850	API	FALSE
Philipp Mayr	Mayr, Philipp	30	47	2	477	lccn-n2016185974	API	TRUE
Philipp Mayr	Mayr, Pilipp	2	2	1	4	np-mayr,%20pilipp	Web	TRUE
Philipp Mayr	Mayr, Phillip	1	1	1	0	np-mayr,%20phillip	Web	TRUE
Rickard Danell	Danell, Rickard	6	17	2	731	lccn-nb2013024295	API	FALSE
A.N. Zainab	NA	NA	NA	NA	NA	NA	NA	NA
Dangzhi Zhao	Zhao, Dangzhi	5	14	1	192	lccn-no2015041127	API	FALSE
I.K. Ravichandra Rao	Ravichandra Rao, I. K. (Inna Kedage)	28	70	3	342	lccn-n82163270	API	FALSE
Stefanie Haustein	Haustein, Stefanie	6	27	2	1.311	lccn-n2012030867	API	TRUE
Stefanie Haustein	Haustein, Stephanie	5	5	2	6	np-haustein,%20stephanie	Web	TRUE
Elea Giménez-Toledo	Giménez Toledo, Elea	19	69	2	448	lccn-no2003013380	API	TRUE
Elea Giménez-Toledo	Giménez Toledo, Elea	1	1	1	3	nc-gimenez%20toledo%20elea	Web	TRUE
Nader Ale Ebrahim	Nader Ale_Ebrahim	5	5	1	5	np-nader%20ale%20ebrahim	Web	TRUE
Nader Ale Ebrahim	Ebrahim, Nader Ale	2	2	1	2	np-ebrahim,%20nader%20ale	API	TRUE
Kathleen F. Bauer	NA	NA	NA	NA	NA	NA	NA	NA
Joaquín M. Azagra-Caro	Azagra Caro, Joaquin M.	3	3	2	3	viaf-33192415	API	FALSE
Radhamany Sooryamoorthy	Sooryamoorthy, R.	27	85	1	1.876	lccn-no95041888	API	FALSE
Antonis Sidiropoulos	NA	NA	NA	NA	NA	NA	NA	NA
Stephen Bensman	NA	NA	NA	NA	NA	NA	NA	NA
Farideh Osareh	Osareh, Farideh	1	1	1	1	np-osareh,%20farideh	API	FALSE
Marie E McVeigh	McVeigh, Marie E.	1	1	1	1	np-mcveigh,%20marie%20e	API	FALSE
Andreas Strotmann	Strotmann, Andreas	3	12	1	189	lccn-no2015041371	API	FALSE
Raul-Isaac Mendez-Vasquez	Méndez Vásques, Raúl	2	2	1	2	np-mendez%20vasques,%20raul	Web	FALSE
Jesper W. Schneider	Schneider, Jesper W.	7	11	2	19	np-schneider,%20jesper%20w	API	TRUE
Jesper W. Schneider	Schneider, Jesper W.	1	1	1	2	viaf-7870149068424265730002	Web	TRUE
John S. Liu	Liu, John S.	1	1	1	1	np-liu,%20john%20s	API	FALSE
Rafael Bailón Moreno	Bailón Moreno, Rafael	1	1	1	0	np-bailon%20moreno,%20rafael	Web	FALSE
Jeppe Nicolaisen	Nicolaisen, Jeppe	8	10	2	11	viaf-308178423	API	FALSE
Christian Schloegl	Schlögl, Christian	21	32	2	124	lccn-n2017005886	API	FALSE
Xuemei Li	NA	NA	NA	NA	NA	NA	NA	NA
Alesia Zuccala	Zuccala, Alesia	2	2	1	4	np-zuccala,%20alesia	API	TRUE
Alesia Zuccala	Zuccala, Alesia Ann	2	4	1	8	viaf-106734766	Web	TRUE
Álvaro Cabezas-Clavijo	Cabezas-Clavijo, Álvaro	5	11	2	63	viaf-315538365	API	FALSE
Rogério Mugnaini	Mugnaini, Rogério	5	6	1	6	np-mugnaini,%20rogerio	API	FALSE
David 'the' Stuart	Stuart, David	1	1	1	1	viaf-605155042713672401305	Web	FALSE
John Rigby	Rigby, John	32	39	2	173	np-rigby,%20john	API	TRUE
John Rigby	Rigby, John 1962-	16	24	1	202	lccn-nr2003035799	Web	TRUE
Umut Al	Al, Umut	8	26	3	470	np-al,%20umut	API	FALSE
Staša Milojević	Milojevic, Stasa 1971-	5	8	1	14	lccn-no2010159220	API	FALSE
Claire Donovan	Donovan, Claire Angela	1	3	1	4	np-donovan,%20claire%20angela	API	FALSE
Juan Gorraiz	Gorraiz, Juan	13	17	3	36	lccn-nb2003024533	API	FALSE
Jadranka Stojanovski	Stojanovski, Jadranka	4	4	2	6	viaf-305534480	API	FALSE
OB Onyancha	Onyancha, Omwoyo Bosire	19	19	1	17	viaf-288345577	Web	TRUE
OB Onyancha	Onyancha, O.B.	5	5	1	5	np-onyancha,%20o%20b	Web	TRUE
OB Onyancha	Onyancha, O. Bosire	1	1	1	1	np-onyancha,%20o%20bosire	Web	TRUE
OB Onyancha	Onyancha, Bosire O.	1	1	1	1	viaf-309888894	Web	TRUE
OB Onyancha	Onyancha, Omwoyo	1	1	1	1	np-onyancha,%20omwoyo	Web	TRUE
Tove Faber Frandsen	Faber Frandsen, Tove	3	6	1	10	viaf-100158035	API	FALSE
Janghyeok Yoon	NA	NA	NA	NA	NA	NA	NA	NA
Antonio Pulgarin	Pulgarín Guerrero, Antonio	15	29	3	57	lccn-n97037244	Web	TRUE
Antonio Pulgarin	Pulgarin, Antonio	1	1	1	1	viaf-4748154387280230970002	API	TRUE
Antonio Pulgarin	Pulgar?N, Antonio	1	1	1	1	np-pulgar%20n,%20antonio	Web	TRUE
Antonio Pulgarin	Pulgurin Guerrero, Antonio	1	1	1	1	np-pulgurin%20guerrero,%20antonio	Web	TRUE
Fredrik Åström	Åström, Fredrik	20	35	2	380	viaf-4912706	API	FALSE
Kim Holmberg	Holmberg, Kim	13	47	3	1.618	lccn-nb2010009044	API	FALSE
R Jeyshankar	Jeyshankar, R.	1	1	1	1	np-jeyshankar,%20r	API	FALSE
Sandra Miguel	Miguel, Sandra	16	21	3	120	viaf-32322507	API	TRUE
Sandra Miguel	Miguel, Sandra (Coord.)	2	4	1	4	np-miguel,%20sandra%20coord	Web	TRUE
Hervé Rostaing	Rostaing, Hervé	4	8	1	21	viaf-29651031	API	TRUE
Hervé Rostaing	Rostaing, Hervé	6	7	1	14	np-rostaing,%20herve	Web	TRUE
Daniela De Filippo	Filippo, Daniela de	3	6	1	46	np-filippo,%20daniela%20de	API	FALSE
Kim-Leng Goh	Goh, Kim Leng	43	56	2	185	lccn-n89219093	API	TRUE
Kim-Leng Goh	Kim-Leng, Goh	1	1	1	1	nc-kim%20leng%20goh	Web	TRUE
Clara Calero	Calero-Medina, Clara	2	3	2	3	viaf-4794155708720122580006	Web	TRUE
Clara Calero	Calero Medina, Clara (Clara Maria) 1973-	1	2	1	2	viaf-305798531	Web	TRUE
Nicolás Robinson-García	Robinson-Garcia, Nicolas	3	3	1	3	np-robinson%20garcia,%20nicolas	API	FALSE
Guillaume Cabanac	NA	NA	NA	NA	NA	NA	NA	NA
Boutin Eric	NA	NA	NA	NA	NA	NA	NA	NA
Liney Manjarres-Henríquez	Manjarrés-Henríquez, Liney	1	1	1	1	viaf-305428091	API	FALSE
Anup Kumar Das	Das, Anup Kumar	2	11	1	241	lccn-n2015183751	API	TRUE
Anup Kumar Das	Das, Anup Kumar	6	13	1	219	np-das,%20anup%20kumar	Web	TRUE
Anup Kumar Das	Das, Anup Kumar 1972-	2	9	1	112	lccn-n2008204631	Web	TRUE
Pablo Dorta-González	Dorta González, Pablo	3	3	1	3	np-dorta%20gonzalez,%20pablo	API	FALSE
J. Carlos García-Zorita	Garcia Zorita, Carlos	4	4	1	4	np-garcia%20zorita,%20carlos	Web	TRUE
J. Carlos García-Zorita	García Zorita, José Carlos	1	1	1	1	np-garcia%20zorita,%20jose%20carlos	API	TRUE
KK Mueen Ahmed	NA	NA	NA	NA	NA	NA	NA	NA
Anil Kumar	NA	NA	NA	NA	NA	NA	NA	NA
Jose Navarrete	Navarrete Cortes, Jose	5	5	1	5	viaf-86606968	Web	FALSE
Nick Tomaiuolo	Tomaiuolo, Nicholas G. 1955-	6	37	3	3.189	lccn-n2003047034	API	FALSE
Gohar Feroz Khan	Khan, Gohar F.	5	40	2	456	lccn-n2017042912	Web	TRUE
Gohar Feroz Khan	Khan, Gohar Feroz	3	3	1	3	viaf-1181155284784587061376	API	TRUE
Carlos Olmeda-Gomez	Olmeda Gómez, Carlos	11	34	2	151	lccn-n97044664	API	TRUE
Carlos Olmeda-Gomez	Olmeda Gómez, Carlos	8	10	2	56	np-olmeda%20gomez,%20carlos	Web	TRUE
Carlos Olmeda-Gomez	Olmeda Gâomez, Carlos	1	1	1	1	np-olmeda%20gaomez,%20carlos	Web	TRUE
Carlos Olmeda-Gomez	Olmeda Gm̤ez, Carlos	1	1	1	1	np-olmeda%20gmez,%20carlos	Web	TRUE
Carlos Olmeda-Gomez	Carlos Olmeda-Gómez	1	1	1	1	np-carlos%20olmeda%20gomez	Web	TRUE
Iain Craig	NA	NA	NA	NA	NA	NA	NA	NA
Shigeaki Yamazaki	Yamazaki, Shigeaki	3	3	2	4	np-yamazaki,%20shigeaki	Web	FALSE
Antonio Perianes-Rodríguez	Perianes Rodríguez, Antonio	16	22	2	92	lccn-no2011027469	API	TRUE
Antonio Perianes-Rodríguez	Antonio Perianes-Rodríguez	1	1	1	1	np-perianes%20rodraiguez,%20antonio	Web	TRUE
Antonio Perianes-Rodríguez	Antonio Perianes-Rodríguez	1	1	1	1	np-antonio%20perianes%20rodriguez	Web	TRUE
Aparna Basu	Basu, Aparna	29	87	1	1.357	lccn-n82161109	API	FALSE
Edgar Schiebel	Schiebel, Edgar	18	43	2	66	viaf-220435003	API	TRUE
Edgar Schiebel	Edgar Schiebel	1	1	1	1	np-edgar%20schiebel	Web	TRUE
Valentina Markusova	Markusova, Valentina	1	1	1	2	lccn-no00039921	API	TRUE
Valentina Markusova	Markusova, Valentina Aleksandrovna	1	1	1	2	np-markusova,%20valentina%20aleksandrovna	Web	TRUE
Valentina Markusova	Markusova, Valentine A.	1	1	1	1	np-markusova,%20valentine%20a	Web	TRUE
Li Tang 唐莉	Tang, Li	1	1	1	1	viaf-95095037	Web	FALSE
Leandro Innocentini Lopes de Faria	Faria, Leandro Innocentini Lopes de	2	2	1	2	viaf-214889461	API	FALSE
Raf Guns	Guns, Raf	2	14	1	194	lccn-no2018095952	API	FALSE
Fereshteh Didegah	Didegah, Fereshteh	2	2	1	2	np-didegah,%20fereshteh	API	FALSE
Chaoqun Ni	Ni, Chaoqun	3	3	2	11	lccn-no2016140601	API	FALSE
Ruben Urbizagastegui Alvarado	Urbizagástegui Alvarado, Rubén	39	47	3	90	lccn-no2009050808	API	TRUE
Ruben Urbizagastegui Alvarado	Urbizagastegui Alvarado, R.	19	19	2	19	np-urbizagastegui%20alvarado,%20r	Web	TRUE
Ruben Urbizagastegui Alvarado	Urbizagástegui, Rubén	3	4	2	4	viaf-101278645	Web	TRUE
Vladimir Pislyakov	NA	NA	NA	NA	NA	NA	NA	NA
Berenika M. Webster	Webster, Berenika	3	3	1	3	lccn-nb2014011400	Web	FALSE
Maja Jokić	Jokić, Maja	24	31	3	129	lccn-n2007052166	API	TRUE
Maja Jokić	Jokić, Maja-Marija	1	1	1	2	np-jokic,%20maja%20marija	Web	TRUE
Muhammad Imran	NA	NA	NA	NA	NA	NA	NA	NA
Hedman Juha	Hedman, Juha	6	9	2	10	lccn-n85340248	Web	FALSE
Máxima Bolaños-Pizarro	Bolaños Pizarro, Maxima	4	5	1	5	np-bolanos%20pizarro,%20maxima	API	FALSE
Diana Lucio-Arias	Lucio-Arias, Diana	3	6	2	125	lccn-no2016138635	API	TRUE
Diana Lucio-Arias	Lucio Arias, Diana Patricia	3	10	1	10	np-lucio%20arias,%20diana%20patricia	Web	TRUE
Sebastian K Boell (Böll)	Boell, Sebastian K.	1	1	1	1	np-boell,%20sebastian%20k	Web	TRUE
Sebastian K Boell (Böll)	Böll, Sebastian K.	1	1	1	18	np-boll,%20sebastian%20k	Web	TRUE
Swapan kumar Patra	Patra, Swapan Kumar	1	1	1	1	viaf-5222156223660005400001	API	TRUE
Swapan kumar Patra	Patra, Swapan Kumar	1	1	1	1	np-patra,%20swapan%20kumar	Web	TRUE
Cui Yuhong（崔宇红）	NA	NA	NA	NA	NA	NA	NA	NA
Matthew L. Wallace	Wallace, Matthew L.	1	2	1	3	np-wallace,%20matthew%20l	API	FALSE
Maria Victoria Guzman Sánchez	Guzmán Sánchez, María Victoria	11	14	1	88	np-guzman%20sanchez,%20maria%20victoria	Web	TRUE
Maria Victoria Guzman Sánchez	Guzman Sanchez, Maria V.	2	2	1	2	np-guzman%20sanchez,%20maria%20v	Web	TRUE
Pero Šipka	Šipka, Pero	4	4	3	6	viaf-305796032	API	FALSE
Robert D. Shelton	Shelton, R. D.	12	21	1	217	lccn-n85353927	Web	TRUE
Robert D. Shelton	Shelton, Robert Duane	2	2	1	2	np-shelton,%20robert%20duane	Web	TRUE
Robert D. Shelton	Shelton, Robert Duane, 1938- 	1	1	0	1	np-shelton,%20robert%20duane%201938	Web	TRUE
Carlos Benito Amat	Amat, Carlos Benito	1	2	1	29	np-amat,%20carlos%20benito	API	FALSE
Xiaozhong Liu	Liu, Xiaozhong	27	32	2	67	np-liu,%20xiaozhong	API	FALSE
Enrique Orduna-Malea	Orduña-Malea, Enrique	11	44	2	458	lccn-ns2016004028	API	FALSE
Tindaro Cicero	NA	NA	NA	NA	NA	NA	NA	NA
Tim Engels	Engels, Tim C. E.	5	5	1	6	np-engels,%20tim%20c%20e	Web	FALSE
Balabhim Biradar	NA	NA	NA	NA	NA	NA	NA	NA
Zohreh Zahedi	Zahedi, Zohreh	5	5	2	5	viaf-309887466	API	FALSE
Björn Hammarfelt	Hammarfelt, Björn 1980-	15	18	2	19	viaf-252513028	API	FALSE
Marcia Regina da Silva	Silva, Márcia Regina da	7	8	2	13	lccn-no2018018242	API	FALSE
Dean Hendrix	NA	NA	NA	NA	NA	NA	NA	NA
G. Galyani	Galyani-Moghaddam, Golnessa	1	1	1	1	viaf-305737398	Web	FALSE
Marianne Gauffriau	Gauffriau, Marianne	1	2	1	4	np-gauffriau,%20marianne	API	FALSE
Gonzalo Ordonez-Matamoros	Ordóñez-Matamoros, Gonzalo	8	18	2	88	lccn-no2016155516	API	TRUE
Gonzalo Ordonez-Matamoros	Ordóñez-Matamoros, Gonzalo - Autor/a	1	1	1	1	np-ordonez%20matamoros,%20gonzalo%20autor%20a	Web	TRUE
Gonzalo Ordonez-Matamoros	Ordóñes-Matamoros, Gonzalo	1	1	1	2	np-ordones%20matamoros,%20gonzalo	Web	TRUE
Bhaskar Mukherjee	Mukherjee, Bhaskar	10	46	2	803	lccn-no2010199088	API	TRUE
Bhaskar Mukherjee	Mukherjee, Mohammad Nazim. Bhaskar	1	1	0	4	np-mukherjee,%20mohammad%20nazim%20bhaskar	Web	TRUE
Bhaskar Mukherjee	Mukherjee, Dr Bhaskar	1	1	1	3	np-mukherjee,%20dr%20bhaskar	Web	TRUE
SL Sangam	Sangam, S. L.	3	5	1	27	lccn-n88161367	Web	TRUE
SL Sangam	Saṅgama, S. L.	1	1	1	0	viaf-606152636174120052975	Web	TRUE
Kannappanavar B U	NA	NA	NA	NA	NA	NA	NA	NA
Elizabeth S Vieira	NA	NA	NA	NA	NA	NA	NA	NA
Guo Freeman (Zhang)	Freeman, Guo	2	11	1	106	lccn-no2016071435	Web	FALSE
Rosario Rogel	Rogel Salazar, Rosario	11	21	1	110	lccn-no2006067935	API	TRUE
Rosario Rogel	Rogel Salazar, Rosario - Autor/a	4	5	1	5	np-rogel%20salazar,%20rosario%20autor%20a	Web	TRUE
Jens Terliesner	Terliesner, Jens	1	1	1	0	np-terliesner,%20jens	API	FALSE
Christian Gumpenberger	Gumpenberger, Christian	4	6	2	10	np-gumpenberger,%20christian	API	TRUE
Christian Gumpenberger	Gampenrieder, Christian	1	2	1	2	np-gampenrieder,%20christian	Web	TRUE
Francisco Collazo	Collazo Reyes, Francisco	8	8	1	8	np-collazo%20reyes,%20francisco	Web	FALSE
Prof Maheswarappa B S	NA	NA	NA	NA	NA	NA	NA	NA
Wouter Gerritsma	Gerritsma, Wouter 1963-2016	11	12	1	28	viaf-285392263	API	FALSE
Jordi Ardanuy	NA	NA	NA	NA	NA	NA	NA	NA
Mohammad-Hossein Biglu	Biglu, Mohammad Hossein	2	5	1	28	np-biglu,%20mohammad%20hossein	API	FALSE
Zhigang Hu（胡志刚）	NA	NA	NA	NA	NA	NA	NA	NA
Kun Lu	NA	NA	NA	NA	NA	NA	NA	NA
Maria Cassella	Cassella, Maria	4	9	2	54	lccn-no2012060029	API	FALSE
Ali Gazni	NA	NA	NA	NA	NA	NA	NA	NA
Hyunseok Park	Park, Hyunseok	1	2	1	2	viaf-127146998429418940837	API	FALSE
Livia Vasas	NA	NA	NA	NA	NA	NA	NA	NA
Satish Munnolli	NA	NA	NA	NA	NA	NA	NA	NA
Fabio Castro Gouveia	NA	NA	NA	NA	NA	NA	NA	NA
Anna Berhidi	NA	NA	NA	NA	NA	NA	NA	NA
Nele Dexters	Dexters, Nele	1	1	1	1	np-dexters,%20nele	API	FALSE
Władysław Marek Kolasa	Kolasa, Władysław Marek	89	102	3	182	lccn-nr2006009558	API	TRUE
Władysław Marek Kolasa	Kolasa, Władysław Mark 	1	1	1	1	np-kolasa,%20wladyslaw%20mark	Web	TRUE
Ehsan Mohammadi	Mohammadi, Ehsan	4	6	2	7	np-mohammadi,%20ehsan	Web	FALSE
Андрей Печников	NA	NA	NA	NA	NA	NA	NA	NA
Денис Соловяненко	NA	NA	NA	NA	NA	NA	NA	NA
Shenmeng Xu	Xu, Shenmeng	2	2	1	2	viaf-309649570	API	FALSE
Carole Probst	Probst, Carole	3	3	2	17	np-probst,%20carole	API	FALSE
Subir K. Sen	Sen, Subir K.	2	4	1	5	np-sen,%20subir%20k	API	FALSE
Dalibor Fiala	Fiala, Dalibor	5	5	3	7	np-fiala,%20dalibor	API	TRUE
Dalibor Fiala	Fiala, Dalibor (1980 - ...).	1	3	2	3	viaf-190808874	Web	TRUE
Jose Antonio Torres-Reyes	Torres Reyes, José Antonio	2	4	1	5	lccn-no2010174768	API	FALSE
Isabel Iribarren-Maestro	NA	NA	NA	NA	NA	NA	NA	NA
Amit Kumar Bandyopadhyay	Bandyopadhyay, Amit Kumar	1	1	1	11	lccn-n2006170706	API	TRUE
Amit Kumar Bandyopadhyay	Bandyopadhyay, Amit Kumar 1956-	1	1	1	3	viaf-295763645	Web	TRUE
Wen-Yau Cathy Lin 林雯瑤	NA	NA	NA	NA	NA	NA	NA	NA
Cristian Colliander	Colliander, Cristian 1980-	2	3	1	3	viaf-311495332	API	FALSE
Catharina Rehn	Rehn, Catharina	2	2	1	2	np-rehn,%20catharina	API	FALSE
R. Balasubramani	NA	NA	NA	NA	NA	NA	NA	NA
Borja González-Albo Manglano	Gonzalez Albo Manglano, Borja	2	2	2	2	np-gonzalez%20albo%20manglano,%20borja	Web	FALSE
Amalia Mas Bleda	NA	NA	NA	NA	NA	NA	NA	NA
Kamal Lochan Jena	Jena, Kamal Lochan	2	3	1	7	np-jena,%20kamal%20lochan	API	FALSE
Hajar Sotudeh	Sotudeh, Hajar	1	1	1	1	lccn-no2012103691	API	FALSE
Ramalingam Jeyshankar	NA	NA	NA	NA	NA	NA	NA	NA
Eustache Mêgnigbêto	Megnigbeto, Eustache	3	5	2	10	lccn-no2002007714	API	FALSE
Ifeanyi J. Ezema	Ezema, Ifeanyi J.	2	2	1	7	lccn-n2016021411	API	TRUE
Ifeanyi J. Ezema	Ezema, Ifeanyi Jonas	1	1	1	1	np-ezema,%20ifeanyi%20jonas	Web	TRUE
Kiran Savanur	NA	NA	NA	NA	NA	NA	NA	NA
Orlando Gregorio-Chaviano	Gregorio Chaviano, Orlando	1	1	1	1	np-gregorio%20chaviano,%20orlando	API	FALSE
Sudhier K G Pillai	NA	NA	NA	NA	NA	NA	NA	NA
Qi Yu	NA	NA	NA	NA	NA	NA	NA	NA
M. Surulinathi	NA	NA	NA	NA	NA	NA	NA	NA
Daniel Wadskog	Wadskog, Daniel	3	5	2	6	viaf-103198722	API	FALSE
Penghui LYU	NA	NA	NA	NA	NA	NA	NA	NA
Stacy Konkiel	Konkiel, Stacy	2	3	1	5	np-konkiel,%20stacy	API	TRUE
Stacy Konkiel	Stacy Konkiel	1	1	1	1	np-stacy%20konkiel	Web	TRUE
Stacy Konkiel	Konkiel, Stacey	1	1	1	1	np-konkiel,%20stacey	Web	TRUE
Yaniris Rodríguez-Sánchez	Rodríguez Sánchez, Yaniris	4	12	1	123	np-rodriguez%20sanchez,%20yaniris	API	FALSE
vaishali khaparde	Khaparde, Vaishali	1	1	1	2	np-khaparde,%20vaishali	API	TRUE
vaishali khaparde	Khaparde, Vaishali S.	1	1	1	2	np-khaparde,%20vaishali%20s	Web	TRUE
Rita Pinheiro-Machado	NA	NA	NA	NA	NA	NA	NA	NA
Nadine Rons	NA	NA	NA	NA	NA	NA	NA	NA
Samir Kumar Jalal	Jalal, Samir Kumar	1	1	1	1	np-jalal,%20samir%20kumar	API	FALSE
Bidyarthi Dutta	Dutta, Bidyarthi	2	4	1	35	lccn-n2017041588	API	FALSE
Rosane Taruhn	Taruhn, Rosane	2	2	1	2	np-taruhn,%20rosane	API	FALSE
Rahman Marefat	NA	NA	NA	NA	NA	NA	NA	NA
Aneta Drabek	Drabek, Aneta	18	19	1	20	viaf-163746749	API	FALSE
Eric Ackermann	NA	NA	NA	NA	NA	NA	NA	NA
Valeria Molteni	Molteni, Valeria	2	2	1	2	np-molteni,%20valeria	API	FALSE
Hafez Mohammadhassanzadeh	NA	NA	NA	NA	NA	NA	NA	NA
Alfonso Ibáñez	NA	NA	NA	NA	NA	NA	NA	NA
Emma Georgina Santillán Rivero	Santillan-Rivero, Emma Georgina	1	1	1	1	np-santillan%20rivero,%20emma%20georgina	Web	FALSE
Rachel Borchardt	Borchardt, Rachel	2	16	1	577	lccn-n2015013281	API	FALSE
Gali Halevi	Halevi, Gali	1	1	1	6	np-halevi,%20gali	API	FALSE
Frederik Verleysen	Verleysen, Frederik 1978-	3	3	2	3	viaf-290243880	API	TRUE
Frederik Verleysen	Verleysen, Frederik T.	1	1	1	1	np-verleysen,%20frederik%20t	Web	TRUE
Juan Manuel Ayllón Millán	NA	NA	NA	NA	NA	NA	NA	NA
Yusnelkis Milanes-Guisado	NA	NA	NA	NA	NA	NA	NA	NA
Alberto Martín-Martín	Martín-Martín, Alberto	3	6	2	39	np-martin%20martin,%20alberto	API	FALSE
Rahim Alijani	NA	NA	NA	NA	NA	NA	NA	NA
Mariano A. Maura	Maura, Mariano A.	4	8	2	49	np-maura,%20mariano%20a	API	TRUE
Mariano A. Maura	Maura, Mariano A. (Mariano Antonio)	1	1	1	4	np-maura,%20mariano%20a$mariano%20antonio	Web	TRUE
Mariano A. Maura	Maura, Mariano Antonio	1	1	1	1	np-maura,%20mariano%20antonio	Web	TRUE
R. Karpagam	NA	NA	NA	NA	NA	NA	NA	NA
N. Amsaveni	NA	NA	NA	NA	NA	NA	NA	NA
Mahmood Khosrowjerdei	NA	NA	NA	NA	NA	NA	NA	NA
Sibele Fausto	Fausto, Sibele	1	1	1	1	np-fausto,%20sibele	API	FALSE
Farshid Danesh	NA	NA	NA	NA	NA	NA	NA	NA
Clifford Tatum	NA	NA	NA	NA	NA	NA	NA	NA
Andrea Twiss-Brooks	Twiss-Brooks, Andrea	1	8	1	190	lccn-n2010077384	API	FALSE
SA Sanni	Sanni, S. A.	5	5	1	5	np-sanni,%20shamsudeen%20ademola	Web	FALSE
Tamy Chambers	NA	NA	NA	NA	NA	NA	NA	NA
Saeed Ul Hassan	NA	NA	NA	NA	NA	NA	NA	NA
Marijan Šember	NA	NA	NA	NA	NA	NA	NA	NA
maryam shekofteh	Shekofteh, Maryam	2	2	1	2	np-shekofteh,%20maryam	API	FALSE
Muzammil Tahira	Tahira, Muzammil	1	2	2	5	np-tahira,%20muzammil	API	FALSE
Antonio Eleazar Serrano López	NA	NA	NA	NA	NA	NA	NA	NA
Jose Morillo-Velarde Serrano	Morillo Velarde Serrano, José	4	4	1	7	np-morillo%20velarde%20serrano,%20jose	Web	FALSE
Tetiana Symonenko	NA	NA	NA	NA	NA	NA	NA	NA
Amir Reza Asnafi	NA	NA	NA	NA	NA	NA	NA	NA
Mohammad K. saberi	NA	NA	NA	NA	NA	NA	NA	NA
G. Rathinasabapathy	Rathinasabapathy, G.	2	2	1	9	lccn-n2018244766	API	TRUE
G. Rathinasabapathy	Rathinasabapathy, G. ed	1	1	1	1	np-rathinasabapathy,%20g%20ed	Web	TRUE
Rosa Scoble	Scoble, Rosa	1	3	1	3	np-scoble,%20rosa	API	FALSE
Faramarz Soheili	Soheili, Faramarz	2	2	1	2	np-soheili,%20faramarz	API	FALSE
Diego Marcos Cartagena	Marcos Cartagena, Diego	1	1	1	1	np-marcos%20cartagena,%20diego	Web	FALSE
Jongwook Lee	NA	NA	NA	NA	NA	NA	NA	NA
Chris Belter	Belter, Chris	9	10	1	446	lccn-no2011141773	API	TRUE
Chris Belter	Belter, Chris W.	1	1	1	1	np-belter,%20chris%20w	Web	TRUE
B. Elango	Elango, Bakthavachalam	1	1	1	1	np-elango,%20bakthavachalam	Web	FALSE
Ashraf Sharif	NA	NA	NA	NA	NA	NA	NA	NA
Sada Bihari Sahu	Sahu, Sada Bihari	4	5	1	6	viaf-316473595	API	FALSE
M Manjunath	NA	NA	NA	NA	NA	NA	NA	NA
Nobuko Miyairi	NA	NA	NA	NA	NA	NA	NA	NA
Mohammad Reza ghane	NA	NA	NA	NA	NA	NA	NA	NA
Mirza Muhammad Naseer	Naseer, Mirza Muhammad	1	1	1	2	np-naseer,%20mirza%20muhammad	API	FALSE
Rabindra K. Maharana	NA	NA	NA	NA	NA	NA	NA	NA
Chatree Wongkaew	NA	NA	NA	NA	NA	NA	NA	NA
Elena Kabakova (Елена Кабакова)	NA	NA	NA	NA	NA	NA	NA	NA
Haydar Yalcin	Yalçın, Haydar	5	7	1	14	np-yalcin,%20haydar	API	FALSE
Jens Peter Andersen	Andersen, Jens Peter	1	3	1	4	viaf-307286810	Web	FALSE
Christopher Erdmann	NA	NA	NA	NA	NA	NA	NA	NA
Jan Maluleka	Maluleka, Jan Resenga	2	2	1	9	viaf-7155284728187061286	Web	TRUE
Jan Maluleka	Maluleka, Jan	2	2	1	2	viaf-72147724863564591492	API	TRUE
Raja S	NA	NA	NA	NA	NA	NA	NA	NA
Philippe Mongeon	Mongeon, Philippe	4	4	1	4	np-mongeon,%20philippe	API	FALSE
Alvaro Roldán López	Roldan Lopez, Alvaro	1	1	1	1	np-roldan%20lopez,%20alvaro	Web	FALSE
Alexis Moreno-Pulido	NA	NA	NA	NA	NA	NA	NA	NA
Leslie Adriaanse	Adriaanse, Leslie Sharon	1	1	1	1	np-adriaanse,%20leslie%20sharon	API	FALSE
Gabriel Peterson	Peterson, Gabriel Miner 1973-	2	2	1	4	lccn-no2010109456	Web	FALSE
Chandran Velmurugan	Velmurugan, Chandran	1	1	1	2	np-velmurugan,%20chandran	API	FALSE
Kamal Badar	Badar, Kamal	1	1	1	1	np-badar,%20kamal	API	FALSE
Jill Lagerstrom	Lagerstrom, Jill	1	2	1	40	np-lagerstrom,%20jill	API	FALSE
Ephrance Abu Ujum	Ephrance Abu Ujum	1	1	1	1	np-ephrance%20abu%20ujum	API	FALSE
Held Barbosa de Souza	NA	NA	NA	NA	NA	NA	NA	NA
María Ayala-Gascón	NA	NA	NA	NA	NA	NA	NA	NA
Sergio Carbonell de la Fé	Carbonell De La Fé, Sergio	4	8	1	87	np-carbonell%20de%20la%20fe,%20sergio	Web	FALSE
Jenny Delasalle	NA	NA	NA	NA	NA	NA	NA	NA
Filistéa Naudé	Naudé, Felistéa	2	5	1	147	lccn-no2011001322	Web	TRUE
Filistéa Naudé	Naude, Filistea	1	2	1	3	np-naude,%20filistea	API	TRUE
Maryam Keshvari	NA	NA	NA	NA	NA	NA	NA	NA
AK Sahu	NA	NA	NA	NA	NA	NA	NA	NA
Maria-Josefa Peralta-Gonzalez	NA	NA	NA	NA	NA	NA	NA	NA
Soyoung Yu	NA	NA	NA	NA	NA	NA	NA	NA
Antonio J. Gómez-Núñez	NA	NA	NA	NA	NA	NA	NA	NA
Koteppa Banateppanvar	NA	NA	NA	NA	NA	NA	NA	NA
Franjo Pehar	Pehar, Franjo	3	6	2	31	lccn-n2017005885	API	FALSE
Adrián A. Díaz-Faes	Arias Díaz-Faes, Adrián	1	1	1	1	np-arias%20diaz%20faes,%20adrian	Web	TRUE
Adrián A. Díaz-Faes	A. Díaz-Faes, Adrian	1	1	1	1	np-a%20diaz%20faes,%20adrian	Web	TRUE
Morteza Hemmat	NA	NA	NA	NA	NA	NA	NA	NA
Prabir Kumar Das	NA	NA	NA	NA	NA	NA	NA	NA
Josmel Pacheco Mendoza	NA	NA	NA	NA	NA	NA	NA	NA
Iara Vidal Pereira de Souza	NA	NA	NA	NA	NA	NA	NA	NA
S Aswathy	NA	NA	NA	NA	NA	NA	NA	NA
Susana Sánchez -Gil	NA	NA	NA	NA	NA	NA	NA	NA
Yoscelina Iraida Hernández García	NA	NA	NA	NA	NA	NA	NA	NA
Jonathan Bull	NA	NA	NA	NA	NA	NA	NA	NA
Gireesh A. Ganjihal	NA	NA	NA	NA	NA	NA	NA	NA
Liliia A. Luparenko	NA	NA	NA	NA	NA	NA	NA	NA
Joel Alhuay Quispe	NA	NA	NA	NA	NA	NA	NA	NA
Peter Sjögårde	Sjögårde, Peter	1	1	1	1	np-sjogarde,%20peter	API	FALSE
K.P.S. Sengar	NA	NA	NA	NA	NA	NA	NA	NA
P Ashok Kumar	NA	NA	NA	NA	NA	NA	NA	NA
N.Tamilselvan	NA	NA	NA	NA	NA	NA	NA	NA
P. Ramkumar	NA	NA	NA	NA	NA	NA	NA	NA
Ali Mardaninezhad	NA	NA	NA	NA	NA	NA	NA	NA
John Jeyasekar Jesubright	Jeyasekar, J. John 1965-	3	8	1	51	lccn-n2017033557	API	FALSE
Rasoul Zavaraqi	NA	NA	NA	NA	NA	NA	NA	NA
Sheikh Mohammed Shahabuddin	NA	NA	NA	NA	NA	NA	NA	NA
Saravanan G.	NA	NA	NA	NA	NA	NA	NA	NA
Jayendra Kumar Singh	NA	NA	NA	NA	NA	NA	NA	NA
Fatima Baji	NA	NA	NA	NA	NA	NA	NA	NA
Ismael Mostafavi	NA	NA	NA	NA	NA	NA	NA	NA
Adèle Paul-Hus	Paul-Hus, Adèle	5	7	1	11	np-paul%20hus,%20adele	API	FALSE
Irina Trofimchuk (Ирина Трофимчук)	NA	NA	NA	NA	NA	NA	NA	NA
Subhodip Bid	NA	NA	NA	NA	NA	NA	NA	NA
Shivaranjini Mogali	NA	NA	NA	NA	NA	NA	NA	NA
Aref Riahi	NA	NA	NA	NA	NA	NA	NA	NA
Rahila Sh. Hasanova	NA	NA	NA	NA	NA	NA	NA	NA
Hui Xuan Tan	NA	NA	NA	NA	NA	NA	NA	NA
P. Clara Jeyaseeli	NA	NA	NA	NA	NA	NA	NA	NA
P. Baskaran	NA	NA	NA	NA	NA	NA	NA	NA
David Sánchez-Cruxeiras	NA	NA	NA	NA	NA	NA	NA	NA
Abdalsamad Keramatfar	NA	NA	NA	NA	NA	NA	NA	NA
Patricia Lorenzo Bartolomé	NA	NA	NA	NA	NA	NA	NA	NA
Angamuthu.m	NA	NA	NA	NA	NA	NA	NA	NA
AK Anjana	NA	NA	NA	NA	NA	NA	NA	NA
Magdalena Bemke-Świtilnik	Bemke-Świtilnik, Magdalena	3	3	1	3	viaf-280144782722013431396	API	FALSE
Ashraf Maleki	NA	NA	NA	NA	NA	NA	NA	NA
Rouhallah Khademi	NA	NA	NA	NA	NA	NA	NA	NA
Saeed Roshani	NA	NA	NA	NA	NA	NA	NA	NA
Alberto Ramos-Alonso	NA	NA	NA	NA	NA	NA	NA	NA
Vaishali Khaparde	Khaparde, Vaishali	1	1	1	2	np-khaparde,%20vaishali	API	TRUE
Vaishali Khaparde	Khaparde, Vaishali S.	1	1	1	2	np-khaparde,%20vaishali%20s	Web	TRUE
Jeyashree S	NA	NA	NA	NA	NA	NA	NA	NA